Date,Name,Year,Letterboxd URI,Rating
2023-04-18,Forrest Gump,1994,https://boxd.it/728,3.5
2023-04-18,Skyfall,2012,https://boxd.it/17Fc,2
2023-04-18,(500) Days of Summer,2009,https://boxd.it/1EmM,2.5
2023-04-18,Shutter Island,2010,https://boxd.it/1U82,3.5
2023-04-18,Fallen Angels,1995,https://boxd.it/1UkW,3
2023-04-18,Chungking Express,1994,https://boxd.it/1UDa,3.5
2023-04-18,Clueless,1995,https://boxd.it/1Ygk,3
2023-04-18,Pulp Fiction,1994,https://boxd.it/29Pq,4
2023-04-18,Casino,1995,https://boxd.it/2ads,2.5
2023-04-18,Reservoir Dogs,1992,https://boxd.it/2agc,4
2023-04-18,Basic Instinct,1992,https://boxd.it/2asM,2
2023-04-18,Jurassic Park,1993,https://boxd.it/2aA2,3.5
2023-04-18,The Shawshank Redemption,1994,https://boxd.it/2aHi,3.5
2023-04-18,The Silence of the Lambs,1991,https://boxd.it/2aHW,3.5
2023-04-18,Léon: The Professional,1994,https://boxd.it/2b8S,2.5
2023-04-18,Before Sunrise,1995,https://boxd.it/2bcU,4.5
2023-04-18,Heat,1995,https://boxd.it/2bg8,2.5
2023-04-18,Silver Linings Playbook,2012,https://boxd.it/2TTo,3.5
2023-04-18,Paddington,2014,https://boxd.it/3RKw,3
2023-04-18,Friends,1993,https://boxd.it/5VZ0,5
2023-04-18,Thor: Love and Thunder,2022,https://boxd.it/mMAY,1.5
2023-04-18,Spider-Man: No Way Home,2021,https://boxd.it/nwRw,3
2023-04-18,The Worst Person in the World,2021,https://boxd.it/oyws,3
2023-04-18,Amsterdam,2022,https://boxd.it/oJ58,3
2023-04-18,Never Have I Ever,2020,https://boxd.it/rhug,4
2023-04-18,X-Men: First Class,2011,https://boxd.it/FOA,2
2023-04-18,The Social Network,2010,https://boxd.it/17ue,3
2023-04-18,The Truman Show,1998,https://boxd.it/18U8,3
2023-04-18,3 Idiots,2009,https://boxd.it/1Dsa,4
2023-04-18,A Wednesday!,2008,https://boxd.it/1EFE,3.5
2023-04-18,Harry Potter and the Deathly Hallows: Part 2,2011,https://boxd.it/1RYk,2.5
2023-04-18,Iron Man 2,2010,https://boxd.it/1WZM,2.5
2023-04-18,The Game,1997,https://boxd.it/26vC,2.5
2023-04-18,Saving Private Ryan,1998,https://boxd.it/29ro,3.5
2023-04-18,In the Mood for Love,2000,https://boxd.it/29tE,4
2023-04-18,Se7en,1995,https://boxd.it/29zs,3.5
2023-04-18,The Usual Suspects,1995,https://boxd.it/29XE,2
2023-04-18,The Matrix,1999,https://boxd.it/2a1m,2.5
2023-04-18,Titanic,1997,https://boxd.it/2a2k,4
2023-04-18,Good Will Hunting,1997,https://boxd.it/2ahY,4
2023-04-18,Eyes Wide Shut,1999,https://boxd.it/2axs,3.5
2023-04-18,Fargo,1996,https://boxd.it/2aHM,3
2023-04-18,The Lord of the Rings: The Fellowship of the Ring,2001,https://boxd.it/2b5O,3.5
2023-04-18,American History X,1998,https://boxd.it/2bdo,3
2023-04-18,Iron Man 3,2013,https://boxd.it/2cBQ,2.5
2023-04-18,Doctor Strange,2016,https://boxd.it/8MH8,3
2023-04-18,The Irishman,2019,https://boxd.it/dYOq,4
2023-04-18,Dune,2021,https://boxd.it/fA7G,3.5
2023-04-18,Bullet Train,2022,https://boxd.it/qW26,3
2023-04-18,Zack Snyder's Justice League,2021,https://boxd.it/tLOk,3
2023-04-18,The Great Gatsby,2013,https://boxd.it/JY,3
2023-04-18,Midnight in Paris,2011,https://boxd.it/i4a,3
2023-04-18,"Crazy, Stupid, Love.",2011,https://boxd.it/D9A,3
2023-04-18,I Saw the Devil,2010,https://boxd.it/FaK,4
2023-04-18,Gravity,2013,https://boxd.it/GZY,3.5
2023-04-18,The Dark Knight Rises,2012,https://boxd.it/H3m,2.5
2023-04-18,Sherlock: Case of Evil,2002,https://boxd.it/MU6,2.5
2023-04-18,Inception,2010,https://boxd.it/1skk,4.5
2023-04-18,Following,1998,https://boxd.it/1Tj4,3
2023-04-18,10 Things I Hate About You,1999,https://boxd.it/23AO,3.5
2023-04-18,American Psycho,2000,https://boxd.it/28Vs,3.5
2023-04-18,The Sixth Sense,1999,https://boxd.it/29Js,2.5
2023-04-18,Fight Club,1999,https://boxd.it/2a9q,5
2023-04-18,Now You See Me,2013,https://boxd.it/2Bsu,3
2023-04-18,Mad Max: Fury Road,2015,https://boxd.it/2DjO,2.5
2023-04-18,The Perks of Being a Wallflower,2012,https://boxd.it/2ZA8,3.5
2023-04-18,Edge of Tomorrow,2014,https://boxd.it/4pD0,3.5
2023-04-18,Prisoners,2013,https://boxd.it/4E5i,4
2023-04-18,Passengers,2016,https://boxd.it/8lFu,3.5
2023-04-18,The Revenant,2015,https://boxd.it/8H5e,3
2023-04-18,Deadpool,2016,https://boxd.it/9fOC,2.5
2023-04-18,A Star Is Born,2018,https://boxd.it/aXgc,2
2023-04-18,The Gray Man,2022,https://boxd.it/rb7q,3.5
2023-04-18,"Monica, O My Darling",2022,https://boxd.it/yuuM,3.5
2023-04-18,Drishyam 2,2022,https://boxd.it/CXa0,3
2023-04-18,American Beauty,1999,https://boxd.it/71Y,3
2023-04-18,Children of Men,2006,https://boxd.it/1Y2i,2.5
2023-04-18,2046,2004,https://boxd.it/29tu,2.5
2023-04-18,The Passion of Joan of Arc,1928,https://boxd.it/29DO,3.5
2023-04-18,Amélie,2001,https://boxd.it/2aUc,3.5
2023-04-18,Memento,2000,https://boxd.it/2bcK,4.5
2023-04-18,Django Unchained,2012,https://boxd.it/2cCk,4
2023-04-18,Thor: The Dark World,2013,https://boxd.it/2DqA,1.5
2023-04-18,Captain America: The Winter Soldier,2014,https://boxd.it/3r58,2
2023-04-18,The Hunger Games: Catching Fire,2013,https://boxd.it/3sAw,1.5
2023-04-18,Gangs of Wasseypur - Part 1,2012,https://boxd.it/3UHK,4.5
2023-04-18,Guardians of the Galaxy,2014,https://boxd.it/3VH2,3
2023-04-18,The Grand Budapest Hotel,2014,https://boxd.it/3ZqO,3
2023-04-18,About Time,2013,https://boxd.it/43bI,3.5
2023-04-18,Barfi!,2012,https://boxd.it/4aL4,3.5
2023-04-18,Her,2013,https://boxd.it/4O24,4
2023-04-18,The Maze Runner,2014,https://boxd.it/5YPM,3
2023-04-18,The Imitation Game,2014,https://boxd.it/6aig,3
2023-04-18,Gone Girl,2014,https://boxd.it/6hQu,4
2023-04-18,Black Panther,2018,https://boxd.it/8MHs,4
2023-04-18,Spider-Man: Homecoming,2017,https://boxd.it/aboM,3
2023-04-18,Blade Runner 2049,2017,https://boxd.it/b8wK,3.5
2023-04-18,Ford v Ferrari,2019,https://boxd.it/ce74,3
2023-04-18,The Batman,2022,https://boxd.it/eDGs,3
2023-04-18,Eternal Sunshine of the Spotless Mind,2004,https://boxd.it/6YK,3
2023-04-18,Pirates of the Caribbean: The Curse of the Black Pearl,2003,https://boxd.it/70G,3
2023-04-18,Citizen Kane,1941,https://boxd.it/71O,4
2023-04-18,Hera Pheri,2000,https://boxd.it/1BBO,4.5
2023-04-18,The Notebook,2004,https://boxd.it/1UNE,4
2023-04-18,Panic Room,2002,https://boxd.it/2490,2
2023-04-18,Battle Royale,2000,https://boxd.it/25zS,2
2023-04-18,Catch Me If You Can,2002,https://boxd.it/29VS,4
2023-04-18,The Pianist,2002,https://boxd.it/2aqc,4
2023-04-18,Insomnia,2002,https://boxd.it/2aB0,2
2023-04-18,Rebecca,1940,https://boxd.it/2aQa,3.5
2023-04-18,Ocean's Eleven,2001,https://boxd.it/2aZm,2.5
2023-04-18,Avengers: Age of Ultron,2015,https://boxd.it/3qi6,2.5
2023-04-18,Birdman or (The Unexpected Virtue of Ignorance),2014,https://boxd.it/5RFA,2.5
2023-04-18,Kingsman: The Secret Service,2014,https://boxd.it/6dxe,2.5
2023-04-18,The Fault in Our Stars,2014,https://boxd.it/6BQa,3
2023-04-18,Fury,2014,https://boxd.it/6JwC,2.5
2023-04-18,Lucy,2014,https://boxd.it/75hu,2
2023-04-18,Nightcrawler,2014,https://boxd.it/780m,3
2023-04-18,Whiplash,2014,https://boxd.it/7bQA,3.5
2023-04-18,Now You See Me 2,2016,https://boxd.it/99fw,2.5
2023-04-18,Arrival,2016,https://boxd.it/aNGk,3.5
2023-04-18,Jojo Rabbit,2019,https://boxd.it/iEBG,3.5
2023-04-18,Untitled Peaky Blinders Film,,https://boxd.it/x3yq,5
2023-04-18,Casino Royale,2006,https://boxd.it/1alk,3
2023-04-18,Shadow of a Doubt,1943,https://boxd.it/1BtA,3
2023-04-18,Inglourious Basterds,2009,https://boxd.it/1JzG,4.5
2023-04-18,Kal Ho Naa Ho,2003,https://boxd.it/24By,4.5
2023-04-18,The Bourne Supremacy,2004,https://boxd.it/26EE,1
2023-04-18,Ratatouille,2007,https://boxd.it/27ww,3.5
2023-04-18,Iron Man,2008,https://boxd.it/28dA,3
2023-04-18,Double Indemnity,1944,https://boxd.it/297I,3.5
2023-04-18,Oldboy,2003,https://boxd.it/29R2,3
2023-04-18,Kill Bill: Vol. 2,2004,https://boxd.it/2au4,4
2023-04-18,Notorious,1946,https://boxd.it/2aDK,3
2023-04-18,Casablanca,1942,https://boxd.it/2aG0,4
2023-04-18,Batman Begins,2005,https://boxd.it/2aIg,2.5
2023-04-18,Before Sunset,2004,https://boxd.it/2bcg,2.5
2023-04-18,Drishyam,2013,https://boxd.it/7avm,4
2023-04-18,Captain America: Civil War,2016,https://boxd.it/89Ja,3
2023-04-18,The Hateful Eight,2015,https://boxd.it/8gw8,3
2023-04-18,Haider,2014,https://boxd.it/8E5A,3
2023-04-18,Guardians of the Galaxy Vol. 2,2017,https://boxd.it/8MxC,3
2023-04-18,The Martian,2015,https://boxd.it/8SeG,4
2023-04-18,La La Land,2016,https://boxd.it/a5fa,3
2023-04-18,Captain Fantastic,2016,https://boxd.it/b2K2,2.5
2023-04-18,Baby Driver,2017,https://boxd.it/bhF2,3
2023-04-18,Bajrangi Bhaijaan,2015,https://boxd.it/bIbo,2
2023-04-18,The Last of Us,2016,https://boxd.it/enmQ,4.5
2023-04-18,Hamlet,1948,https://boxd.it/1ziq,2.5
2023-04-18,Fantastic Mr. Fox,2009,https://boxd.it/1WyQ,4
2023-04-18,There Will Be Blood,2007,https://boxd.it/20Z2,2.5
2023-04-18,Bicycle Thieves,1948,https://boxd.it/23hW,4
2023-04-18,The Curious Case of Benjamin Button,2008,https://boxd.it/23Fk,3.5
2023-04-18,Pride & Prejudice,2005,https://boxd.it/24u8,3
2023-04-18,The Bourne Ultimatum,2007,https://boxd.it/26Eu,2
2023-04-18,Zodiac,2007,https://boxd.it/27MO,3.5
2023-04-18,Captain America: The First Avenger,2011,https://boxd.it/28b0,2
2023-04-18,The Pursuit of Happyness,2006,https://boxd.it/28PE,3
2023-04-18,Blood Diamond,2006,https://boxd.it/28Tm,1.5
2023-04-18,The Prestige,2006,https://boxd.it/293w,3.5
2023-04-18,Strangers on a Train,1951,https://boxd.it/29tk,3
2023-04-18,Roman Holiday,1953,https://boxd.it/29zW,4
2023-04-18,Rear Window,1954,https://boxd.it/2a6Q,4.5
2023-04-18,Dial M for Murder,1954,https://boxd.it/2adW,4
2023-04-18,The Devil Wears Prada,2006,https://boxd.it/2awE,3.5
2023-04-18,The Dark Knight,2008,https://boxd.it/2b0k,4
2023-04-18,Life of Pi,2012,https://boxd.it/37pC,2.5
2023-04-18,Stranger Things,2010,https://boxd.it/5xMG,2.5
2023-04-18,Avengers: Endgame,2019,https://boxd.it/9vE4,3.5
2023-04-18,Avengers: Infinity War,2018,https://boxd.it/9vEe,4
2023-04-18,Captain Marvel,2019,https://boxd.it/9vSA,2
2023-04-18,Drishyam,2015,https://boxd.it/bQgm,4.5
2023-04-18,The Witcher,2001,https://boxd.it/n5C,4.5
2023-04-18,Dr. Strangelove or: How I Learned to Stop Worrying and Love the Bomb,1964,https://boxd.it/29eY,3.5
2023-04-18,Lolita,1962,https://boxd.it/29Ag,3.5
2023-04-18,To Kill a Mockingbird,1962,https://boxd.it/2a2E,3
2023-04-18,The Man Who Knew Too Much,1956,https://boxd.it/2a5S,2
2023-04-18,The Birds,1963,https://boxd.it/2a6m,3.5
2023-04-18,Psycho,1960,https://boxd.it/2ab2,4.5
2023-04-18,The Seventh Seal,1957,https://boxd.it/2ahO,3
2023-04-18,Vertigo,1958,https://boxd.it/2apI,4.5
2023-04-18,12 Angry Men,1957,https://boxd.it/2auI,4
2023-04-18,North by Northwest,1959,https://boxd.it/2aRM,3
2023-04-18,Breakfast at Tiffany's,1961,https://boxd.it/2aYS,3.5
2023-04-18,2001: A Space Odyssey,1968,https://boxd.it/2bf0,3.5
2023-04-18,Bāhubali 2: The Conclusion,2017,https://boxd.it/bMfO,4
2023-04-18,Mission: Impossible - Fallout,2018,https://boxd.it/bSVc,3
2023-04-18,Your Name.,2016,https://boxd.it/cUqs,4.5
2023-04-18,Dunkirk,2017,https://boxd.it/d0Y6,3.5
2023-04-18,Ocean's Eight,2018,https://boxd.it/eaai,2.5
2023-04-18,Ozark Sharks,2016,https://boxd.it/elBa,3
2023-04-18,Get Out,2017,https://boxd.it/eOCm,4
2023-04-18,The Lion King,2019,https://boxd.it/eSjI,3
2023-04-18,Spider-Man: Far from Home,2019,https://boxd.it/fegG,4
2023-04-18,Money Heist: From Tokyo to Berlin,2021,https://boxd.it/x9cK,5
2023-04-18,Man of Steel,2013,https://boxd.it/FRk,2.5
2023-04-18,Schoolgirl Report Part 4: What Drives Parents to Despair,1972,https://boxd.it/19A4,4
2023-04-18,Sholay,1975,https://boxd.it/1Saq,2.5
2023-04-18,Thor,2011,https://boxd.it/1WQU,2
2023-04-18,The Exorcist,1973,https://boxd.it/1Yoo,3.5
2023-04-18,The Incredible Hulk,2008,https://boxd.it/28dU,2.5
2023-04-18,Chinatown,1974,https://boxd.it/29vU,4
2023-04-18,Jaws,1975,https://boxd.it/2a5e,3.5
2023-04-18,One Flew Over the Cuckoo's Nest,1975,https://boxd.it/2aeA,4
2023-04-18,The Godfather: Part II,1974,https://boxd.it/2aNq,4.5
2023-04-18,The Godfather,1972,https://boxd.it/2aNK,4.5
2023-04-18,A Clockwork Orange,1971,https://boxd.it/2aVE,3
2023-04-18,Taxi Driver,1976,https://boxd.it/2b8y,3.5
2023-04-18,Wonder Woman 1984,2020,https://boxd.it/gBtA,2
2023-04-18,Once Upon a Time… in Hollywood,2019,https://boxd.it/gH0O,3.5
2023-04-18,Joker,2019,https://boxd.it/h4cS,4.5
2023-04-18,Raazi,2018,https://boxd.it/hHX4,1.5
2023-04-18,Hereditary,2018,https://boxd.it/hNVe,3
2023-04-18,Birds of Prey (and the Fantabulous Emancipation of One Harley Quinn),2020,https://boxd.it/hSyO,2.5
2023-04-18,Parasite,2019,https://boxd.it/hTha,4.5
2023-04-18,Everything Everywhere All at Once,2022,https://boxd.it/jUk4,3.5
2023-04-18,K.G.F: Chapter 1,2018,https://boxd.it/kGf2,3.5
2023-04-18,Tenet,2020,https://boxd.it/leq4,3
2023-04-18,Ludo,2020,https://boxd.it/ou2o,3
2023-04-18,Source Code,2011,https://boxd.it/fdo,3
2023-04-18,The Avengers,2012,https://boxd.it/1xFW,2.5
2023-04-18,Grave of the Fireflies,1988,https://boxd.it/1RUM,2.5
2023-04-18,Like Stars on Earth,2007,https://boxd.it/20SA,3
2023-04-18,The Breakfast Club,1985,https://boxd.it/27q4,3
2023-04-18,The Shining,1980,https://boxd.it/29Nu,4
2023-04-18,When Harry Met Sally...,1989,https://boxd.it/29W2,3.5
2023-04-18,Die Hard,1988,https://boxd.it/2a7u,4
2023-04-18,The Terminator,1984,https://boxd.it/2aQY,3
2023-04-18,Dead Poets Society,1989,https://boxd.it/2aSg,3
2023-04-18,Scarface,1983,https://boxd.it/2b7g,3
2023-04-18,Back to the Future,1985,https://boxd.it/2b8e,3.5
2023-04-18,Interstellar,2014,https://boxd.it/4VZ8,4
2023-04-18,Doctor Strange in the Multiverse of Madness,2022,https://boxd.it/gaTc,2.5
2023-04-18,Game of Thrones - Conquest & Rebellion: An Animated History of the Seven Kingdoms,2017,https://boxd.it/hKwg,5
2023-04-18,Andhadhun,2018,https://boxd.it/jtfc,3.5
2023-04-18,The French Dispatch,2021,https://boxd.it/jLP8,3
2023-04-18,Knives Out,2019,https://boxd.it/jWEA,3.5
2023-04-18,Uri: The Surgical Strike,2019,https://boxd.it/kgWk,3.5
2023-04-18,El Camino: A Breaking Bad Movie,2019,https://boxd.it/kv0q,0.5
2023-04-18,Tanhaji: The Unsung Warrior,2020,https://boxd.it/lwf4,2
2023-04-18,White Lines,2020,https://boxd.it/rlTa,2
2023-04-18,Because You're Dead to Me,2022,https://boxd.it/BYJe,2.5
2023-04-18,Sherlock Holmes,2009,https://boxd.it/1W2A,3.5
2023-04-18,Home Alone,1990,https://boxd.it/29Fg,3.5
2023-04-18,GoodFellas,1990,https://boxd.it/29FA,3
2023-04-18,The Wolf of Wall Street,2013,https://boxd.it/3C1m,4
2023-04-18,Gangs of Wasseypur - Part 2,2012,https://boxd.it/497i,3
2023-04-18,The Terminal,2004,https://boxd.it/2a2O,4
2023-04-19,Moonrise Kingdom,2012,https://boxd.it/2Wng,3
2023-04-19,John Wick: Chapter 4,2023,https://boxd.it/mh48,3.5
2023-04-19,Kill Bill: Vol. 1,2003,https://boxd.it/70w,4
2023-04-19,Glass Onion,2022,https://boxd.it/oCkK,3
2023-04-19,Pirates of the Caribbean: Dead Man's Chest,2006,https://boxd.it/2bfk,2.5
2023-04-19,Pirates of the Caribbean: At World's End,2007,https://boxd.it/2aGu,3.5
2023-04-19,Pirates of the Caribbean: On Stranger Tides,2011,https://boxd.it/27Z4,2.5
2023-04-19,Pirates of the Caribbean: Dead Men Tell No Tales,2017,https://boxd.it/5a9m,3
2023-04-19,The Suicide Squad,2021,https://boxd.it/fw6O,2.5
2023-04-19,Mission: Impossible - Ghost Protocol,2011,https://boxd.it/psI,3
2023-04-19,Mission: Impossible - Rogue Nation,2015,https://boxd.it/5rI4,2
2023-04-19,Avatar,2009,https://boxd.it/1Efm,2.5
2023-04-19,Thor: Ragnarok,2017,https://boxd.it/8MHi,3
2023-04-19,The Matrix Reloaded,2003,https://boxd.it/2a1c,3
2023-04-19,The Matrix Revolutions,2003,https://boxd.it/2a12,2
2023-04-23,Midsommar,2019,https://boxd.it/jhxe,4.5
2023-04-27,Triangle,2009,https://boxd.it/1tQG,4
2023-04-27,Top Gun: Maverick,2022,https://boxd.it/cjr4,4
2023-04-27,Don't Look Up,2021,https://boxd.it/o0Hc,4
2023-04-27,House of Gucci,2021,https://boxd.it/nVkC,3
2023-04-27,No Time to Die,2021,https://boxd.it/cPX2,3
2023-04-27,The Guilty,2021,https://boxd.it/kOPW,2
2023-04-27,Last Night in Soho,2021,https://boxd.it/lbJC,3.5
2023-04-27,Friends: The Reunion,2021,https://boxd.it/pOQq,2
2023-04-27,Euphoria: Trouble Don't Last Always,2020,https://boxd.it/ta4a,2
2023-04-27,The Trial of the Chicago 7,2020,https://boxd.it/kn3w,3.5
2023-04-27,Escape from Pretoria,2020,https://boxd.it/i92q,2.5
2023-04-27,"Tiger King: Murder, Mayhem and Madness",2020,https://boxd.it/pzj2,2
2023-04-27,1917,2019,https://boxd.it/jj4y,5
2023-04-27,Ad Astra,2019,https://boxd.it/ePzI,2.5
2023-04-27,Fantastic Beasts: The Crimes of Grindelwald,2018,https://boxd.it/bg8G,2
2023-04-27,Kingsman: The Golden Circle,2017,https://boxd.it/buJm,3
2023-04-27,Okja,2017,https://boxd.it/dvXe,2.5
2023-04-27,Wonder Woman,2017,https://boxd.it/9roG,2.5
2023-04-27,Fantastic Beasts and Where to Find Them,2016,https://boxd.it/7FPC,3
2023-04-27,The Texas Chainsaw Massacre,2003,https://boxd.it/1YQs,3
2023-04-30,Triangle of Sadness,2022,https://boxd.it/hXlq,3
2023-05-03,you,2018,https://boxd.it/mLHY,1.5
2023-05-03,Loving Vincent,2017,https://boxd.it/biIQ,3.5
2023-05-03,Columbus,2017,https://boxd.it/eCuA,3
2023-05-03,Searching,2018,https://boxd.it/hDPg,3.5
2023-05-03,The King's Man,2021,https://boxd.it/h714,2.5
2023-05-03,Lincoln,2012,https://boxd.it/2n2s,3
2023-05-03,The Lion King,1994,https://boxd.it/201Q,3.5
2023-05-03,Drive,2011,https://boxd.it/IG,3
2023-05-03,Margin Call,2011,https://boxd.it/CJ8,2
2023-05-03,Kill Bill: The Whole Bloody Affair,2011,https://boxd.it/eCrQ,3
2023-05-03,Spider-Man 3,2007,https://boxd.it/2a7Y,3
2023-05-03,The Machinist,2004,https://boxd.it/248c,4
2023-05-03,Mulholland Drive,2001,https://boxd.it/297o,4.5
2023-05-03,The Karate Kid,1984,https://boxd.it/27Wk,3.5
2023-05-03,Body of Lies,2008,https://boxd.it/1SvS,2
2023-05-03,Liar Liar,1997,https://boxd.it/28sg,2.5
2023-05-03,The Hunger Games,2012,https://boxd.it/2uds,3
2023-05-03,The Dictator,2012,https://boxd.it/2DEW,3
2023-05-03,Malcolm & Marie,2021,https://boxd.it/r5cO,2
2023-05-03,The Devil All the Time,2020,https://boxd.it/i2tY,3
2023-05-03,The Lighthouse,2019,https://boxd.it/icFU,3
2023-05-03,The Big Short,2015,https://boxd.it/ajZw,3
2023-05-03,Harry Potter and the Order of the Phoenix,2007,https://boxd.it/29Qe,2.5
2023-05-03,Harry Potter and the Prisoner of Azkaban,2004,https://boxd.it/29Qy,3
2023-05-03,Harry Potter and the Chamber of Secrets,2002,https://boxd.it/29QI,3
2023-05-03,Lost in Translation,2003,https://boxd.it/2b0E,3.5
2023-05-03,Donnie Darko,2001,https://boxd.it/2b2A,3.5
2023-05-03,Suicide Squad,2016,https://boxd.it/9row,3
2023-05-03,The Invisible Man,2020,https://boxd.it/kWlA,3
2023-05-03,Dune: Part Two,2023,https://boxd.it/pUfA,4
2023-05-03,John Wick: Chapter 2,2017,https://boxd.it/ayGu,3
2023-05-03,Don't Breathe,2016,https://boxd.it/9yzw,4
2023-05-03,Ready or Not,2019,https://boxd.it/kOf0,3
2023-05-03,Logan,2017,https://boxd.it/7Piy,3
2023-05-03,Spider-Man: Into the Spider-Verse,2018,https://boxd.it/azpY,2
2023-05-03,Saw,2004,https://boxd.it/2aWW,4
2023-05-03,Spider-Man 2,2004,https://boxd.it/2a88,4
2023-05-09,Phantom Thread,2017,https://boxd.it/e4uc,4
2023-05-09,Good Time,2017,https://boxd.it/fcFu,3
2023-05-12,The Skin I Live In,2011,https://boxd.it/99A,4.5
